{"v":"5.2.1","fr":25,"ip":0,"op":51,"w":930,"h":950,"nm":"Hand_03","ddd":0,"assets":[],"layers":[{"ddd":0,"ind":1,"ty":4,"nm":"Layer 2 Outlines","parent":2,"sr":1,"ks":{"o":{"a":0,"k":100,"ix":11},"r":{"a":0,"k":0,"ix":10},"p":{"a":0,"k":[24.427,-6.148,0],"ix":2},"a":{"a":0,"k":[11.958,12.68,0],"ix":1},"s":{"a":0,"k":[100,100,100],"ix":6}},"ao":0,"shapes":[{"ty":"gr","it":[{"ind":0,"ty":"sh","ix":1,"ks":{"a":0,"k":{"i":[[0,0],[0,0]],"o":[[0,0],[0,0]],"v":[[11.958,8.608],[11.958,19.86]],"c":false},"ix":2},"nm":"Path 1","mn":"ADBE Vector Shape - Group","hd":false},{"ty":"st","c":{"a":0,"k":[1,1,1,1],"ix":3},"o":{"a":0,"k":100,"ix":4},"w":{"a":0,"k":3,"ix":5},"lc":2,"lj":2,"nm":"Stroke 1","mn":"ADBE Vector Graphic - Stroke","hd":false},{"ty":"tr","p":{"a":0,"k":[0,0],"ix":2},"a":{"a":0,"k":[0,0],"ix":1},"s":{"a":0,"k":[100,100],"ix":3},"r":{"a":0,"k":0,"ix":6},"o":{"a":0,"k":100,"ix":7},"sk":{"a":0,"k":0,"ix":4},"sa":{"a":0,"k":0,"ix":5},"nm":"Transform"}],"nm":"Group 1","np":2,"cix":2,"ix":1,"mn":"ADBE Vector Group","hd":false},{"ty":"gr","it":[{"ind":0,"ty":"sh","ix":1,"ks":{"a":0,"k":{"i":[[0,0],[0,0],[0,0]],"o":[[0,0],[0,0],[0,0]],"v":[[-4.458,2.229],[-0.001,-2.229],[4.458,2.229]],"c":false},"ix":2},"nm":"Path 1","mn":"ADBE Vector Shape - Group","hd":false},{"ty":"st","c":{"a":0,"k":[1,1,1,1],"ix":3},"o":{"a":0,"k":100,"ix":4},"w":{"a":0,"k":3,"ix":5},"lc":2,"lj":2,"nm":"Stroke 1","mn":"ADBE Vector Graphic - Stroke","hd":false},{"ty":"tr","p":{"a":0,"k":[11.958,9.729],"ix":2},"a":{"a":0,"k":[0,0],"ix":1},"s":{"a":0,"k":[100,100],"ix":3},"r":{"a":0,"k":0,"ix":6},"o":{"a":0,"k":100,"ix":7},"sk":{"a":0,"k":0,"ix":4},"sa":{"a":0,"k":0,"ix":5},"nm":"Transform"}],"nm":"Group 2","np":2,"cix":2,"ix":2,"mn":"ADBE Vector Group","hd":false}],"ip":0,"op":754,"st":0,"bm":0},{"ddd":0,"ind":2,"ty":3,"nm":"Hand 2","sr":1,"ks":{"o":{"a":0,"k":100,"ix":11},"r":{"a":0,"k":0,"ix":10},"p":{"a":1,"k":[{"i":{"x":0.667,"y":1},"o":{"x":0.333,"y":0},"n":"0p667_1_0p333_0","t":0,"s":[478.999,535.131,0],"e":[478.999,615.131,0],"to":[0,13.3333330154419,0],"ti":[0,0,0]},{"i":{"x":0.667,"y":1},"o":{"x":0.333,"y":0},"n":"0p667_1_0p333_0","t":17,"s":[478.999,615.131,0],"e":[478.999,535.131,0],"to":[0,0,0],"ti":[0,13.3333330154419,0]},{"t":27}],"ix":2},"a":{"a":0,"k":[29.889,38.87,0],"ix":1},"s":{"a":0,"k":[1000,1000,100],"ix":6}},"ao":0,"ip":0,"op":754,"st":0,"bm":0},{"ddd":0,"ind":3,"ty":4,"nm":"Hand","sr":1,"ks":{"o":{"a":0,"k":100,"ix":11},"r":{"a":0,"k":0,"ix":10},"p":{"a":1,"k":[{"i":{"x":0.667,"y":1},"o":{"x":0.333,"y":0},"n":"0p667_1_0p333_0","t":0,"s":[422.999,255.131,0],"e":[422.999,343.131,0],"to":[0,14.6666669845581,0],"ti":[0,0,0]},{"i":{"x":0.667,"y":1},"o":{"x":0.333,"y":0},"n":"0p667_1_0p333_0","t":22,"s":[422.999,343.131,0],"e":[422.999,255.131,0],"to":[0,0,0],"ti":[0,14.6666669845581,0]},{"t":34}],"ix":2},"a":{"a":0,"k":[24.289,10.87,0],"ix":1},"s":{"a":1,"k":[{"i":{"x":[0.667,0.667,0.667],"y":[1,1,1]},"o":{"x":[0.333,0.333,0.333],"y":[0,0,0]},"n":["0p667_1_0p333_0","0p667_1_0p333_0","0p667_1_0p333_0"],"t":22,"s":[1000,1000,100],"e":[980,980,100]},{"i":{"x":[0.667,0.667,0.667],"y":[1,1,1]},"o":{"x":[0.333,0.333,0.333],"y":[0,0,0]},"n":["0p667_1_0p333_0","0p667_1_0p333_0","0p667_1_0p333_0"],"t":25,"s":[980,980,100],"e":[980,980,100]},{"i":{"x":[0.667,0.667,0.667],"y":[1,1,1]},"o":{"x":[0.333,0.333,0.333],"y":[0,0,0]},"n":["0p667_1_0p333_0","0p667_1_0p333_0","0p667_1_0p333_0"],"t":30,"s":[980,980,100],"e":[1000,1000,100]},{"t":33}],"ix":6}},"ao":0,"shapes":[{"ty":"gr","it":[{"ind":0,"ty":"sh","ix":1,"ks":{"a":0,"k":{"i":[[0,0],[0,0],[1.997,-0.944],[-0.944,-1.997],[0,0],[-9,2.334],[0,4.14],[0,0],[2.164,0],[0,-2.164],[0,0],[0,0],[2.219,0],[0,-2.22],[0,0],[0,0],[2.123,0],[0,0],[0,-2.123],[0,0],[0,0],[2.209,0],[0,-2.209]],"o":[[0,0],[-0.943,-1.997],[-1.998,0.943],[0,0],[4.25,9.249],[9.686,-2.51],[0,0],[0,-2.164],[-2.164,0],[0,0],[0,0],[0,-2.22],[-2.22,0],[0,0],[0,0],[0,-2.123],[0,0],[-2.123,0],[0,0],[0,0],[0,-2.209],[-2.209,0],[0,0]],"v":[[-9.48,4.599],[-14.212,-5.822],[-19.537,-7.73],[-21.445,-2.405],[-11.855,17.662],[9.895,29.036],[22.389,12.343],[22.389,-2.113],[18.47,-6.032],[14.551,-2.113],[14.551,-1.969],[14.551,-4.594],[10.533,-8.613],[6.514,-4.594],[6.514,-4.207],[6.514,-7.05],[2.67,-10.894],[2.364,-10.894],[-1.48,-7.05],[-1.48,-5.55],[-1.48,-27.37],[-5.48,-31.37],[-9.48,-27.37]],"c":true},"ix":2},"nm":"Path 1","mn":"ADBE Vector Shape - Group","hd":false},{"ty":"st","c":{"a":0,"k":[1,1,1,1],"ix":3},"o":{"a":0,"k":100,"ix":4},"w":{"a":0,"k":3,"ix":5},"lc":2,"lj":2,"nm":"Stroke 1","mn":"ADBE Vector Graphic - Stroke","hd":false},{"ty":"tr","p":{"a":0,"k":[29.889,38.87],"ix":2},"a":{"a":0,"k":[0,0],"ix":1},"s":{"a":0,"k":[100,100],"ix":3},"r":{"a":0,"k":0,"ix":6},"o":{"a":0,"k":100,"ix":7},"sk":{"a":0,"k":0,"ix":4},"sa":{"a":0,"k":0,"ix":5},"nm":"Transform"}],"nm":"Group 1","np":2,"cix":2,"ix":1,"mn":"ADBE Vector Group","hd":false}],"ip":0,"op":754,"st":0,"bm":0}],"markers":[]}