{"v":"5.2.1","fr":29.9700012207031,"ip":0,"op":40.0000016292334,"w":400,"h":400,"nm":"コンポ 1","ddd":0,"assets":[],"layers":[{"ddd":0,"ind":1,"ty":4,"nm":"シェイプレイヤー 3","sr":1,"ks":{"o":{"a":0,"k":100,"ix":11},"r":{"a":0,"k":0,"ix":10},"p":{"a":1,"k":[{"i":{"x":0.41,"y":0.92},"o":{"x":0.68,"y":0.11},"n":"0p41_0p92_0p68_0p11","t":0,"s":[200,200,0],"e":[200,230,0],"to":[0,5,0],"ti":[0,0,0]},{"i":{"x":0.41,"y":0.92},"o":{"x":0.68,"y":0.11},"n":"0p41_0p92_0p68_0p11","t":30,"s":[200,230,0],"e":[200,200,0],"to":[0,0,0],"ti":[0,5,0]},{"t":40.0000016292334}],"ix":2},"a":{"a":0,"k":[0,0,0],"ix":1},"s":{"a":0,"k":[80,80,100],"ix":6}},"ao":0,"shapes":[{"ty":"gr","it":[{"ind":0,"ty":"sh","ix":1,"ks":{"a":0,"k":{"i":[[0,0],[0,0],[0,0]],"o":[[0,0],[0,0],[0,0]],"v":[[-155,35],[1,191],[160,32]],"c":false},"ix":2},"nm":"パス 1","mn":"ADBE Vector Shape - Group","hd":false},{"ty":"st","c":{"a":0,"k":[1,1,1,1],"ix":3},"o":{"a":0,"k":100,"ix":4},"w":{"a":0,"k":32,"ix":5},"lc":1,"lj":1,"ml":4,"ml2":{"a":0,"k":4,"ix":8},"nm":"線 1","mn":"ADBE Vector Graphic - Stroke","hd":false},{"ty":"tr","p":{"a":0,"k":[-1,-7],"ix":2},"a":{"a":0,"k":[0,0],"ix":1},"s":{"a":0,"k":[100,100],"ix":3},"r":{"a":0,"k":0,"ix":6},"o":{"a":0,"k":100,"ix":7},"sk":{"a":0,"k":0,"ix":4},"sa":{"a":0,"k":0,"ix":5},"nm":"トランスフォーム"}],"nm":"シェイプ 1","np":2,"cix":2,"ix":1,"mn":"ADBE Vector Group","hd":false},{"ty":"tm","s":{"a":1,"k":[{"i":{"x":[0.41],"y":[0.92]},"o":{"x":[0.68],"y":[0.11]},"n":["0p41_0p92_0p68_0p11"],"t":0,"s":[0],"e":[10]},{"i":{"x":[0.41],"y":[0.92]},"o":{"x":[0.68],"y":[0.11]},"n":["0p41_0p92_0p68_0p11"],"t":30,"s":[10],"e":[0]},{"t":40.0000016292334}],"ix":1},"e":{"a":1,"k":[{"i":{"x":[0.41],"y":[0.92]},"o":{"x":[0.68],"y":[0.11]},"n":["0p41_0p92_0p68_0p11"],"t":0,"s":[100],"e":[90]},{"i":{"x":[0.41],"y":[0.92]},"o":{"x":[0.68],"y":[0.11]},"n":["0p41_0p92_0p68_0p11"],"t":30,"s":[90],"e":[100]},{"t":40.0000016292334}],"ix":2},"o":{"a":0,"k":0,"ix":3},"m":1,"ix":2,"nm":"パスのトリミング 1","mn":"ADBE Vector Filter - Trim","hd":false}],"ip":0,"op":150.000006109625,"st":0,"bm":0},{"ddd":0,"ind":2,"ty":4,"nm":"シェイプレイヤー 1","sr":1,"ks":{"o":{"a":0,"k":100,"ix":11},"r":{"a":0,"k":0,"ix":10},"p":{"a":1,"k":[{"i":{"x":0.56,"y":0.98},"o":{"x":0.64,"y":0.08},"n":"0p56_0p98_0p64_0p08","t":0,"s":[200,200,0],"e":[200,230,0],"to":[0,5,0],"ti":[0,0,0]},{"i":{"x":0.56,"y":0.98},"o":{"x":0.64,"y":0.08},"n":"0p56_0p98_0p64_0p08","t":30,"s":[200,230,0],"e":[200,200,0],"to":[0,0,0],"ti":[0,5,0]},{"t":40.0000016292334}],"ix":2},"a":{"a":0,"k":[0,0,0],"ix":1},"s":{"a":0,"k":[80,80,100],"ix":6}},"ao":0,"shapes":[{"ind":0,"ty":"sh","ix":1,"ks":{"a":0,"k":{"i":[[0,0],[0,0]],"o":[[0,0],[0,0]],"v":[[-1.072,-213.75],[-1.072,185]],"c":false},"ix":2},"nm":"パス 1","mn":"ADBE Vector Shape - Group","hd":false},{"ty":"tm","s":{"a":1,"k":[{"i":{"x":[0.56],"y":[0.98]},"o":{"x":[0.64],"y":[0.08]},"n":["0p56_0p98_0p64_0p08"],"t":0,"s":[0],"e":[100]},{"i":{"x":[0.56],"y":[0.98]},"o":{"x":[0.64],"y":[0.08]},"n":["0p56_0p98_0p64_0p08"],"t":30,"s":[100],"e":[0]},{"t":40.0000016292334}],"ix":1},"e":{"a":0,"k":100,"ix":2},"o":{"a":0,"k":0,"ix":3},"m":1,"ix":2,"nm":"パスのトリミング 1","mn":"ADBE Vector Filter - Trim","hd":false},{"ty":"st","c":{"a":0,"k":[1,1,1,1],"ix":3},"o":{"a":0,"k":100,"ix":4},"w":{"a":0,"k":32,"ix":5},"lc":1,"lj":1,"ml":4,"ml2":{"a":0,"k":4,"ix":8},"nm":"線 1","mn":"ADBE Vector Graphic - Stroke","hd":false}],"ip":0,"op":150.000006109625,"st":0,"bm":0}],"markers":[]}